{"batch_size": 128, "learning_curve": [0.401570191826576, 0.13244454743197318, 0.08911515173191836, 0.07054760226358968, 0.058998042460865284, 0.050869879774295586, 0.044543050390142835, 0.0393420439159784, 0.03502978788336549, 0.03121329461200497, 0.02795807500668346, 0.024802262460938276], "test_error": 0.011117788461539657, "num_filters": 16, "lr": 0.0001}