{"learning_curve": [0.3951343922278816, 0.12455870735053072, 0.08023061405819577, 0.06090264347358008, 0.04984986771507046, 0.0423814186981569, 0.036659577909188404, 0.03229594990903608, 0.028602259801193273, 0.025531560236301553, 0.022721387203394745, 0.02018922614187407], "test_error": 0.010917467948719062, "num_filters": 16, "lr": 0.0001, "batch_size": 128}