{"lr": 0.0001, "test_error": 0.01131810897436003, "num_filters": 16, "learning_curve": [0.3883955570367671, 0.12265342380373911, 0.08326226020088563, 0.06498051305564166, 0.053338864119723446, 0.04519926380986968, 0.039194086899694364, 0.03438430384744721, 0.03039405577523538, 0.026858394162263727, 0.023712965870538776, 0.020945665094917874], "batch_size": 128}