{"num_filters": 16, "batch_size": 128, "learning_curve": [0.4694707745160813, 0.1436771951233729, 0.09585274364799262, 0.0749049928994515, 0.062467561029375285, 0.0538676910759069, 0.047421230402034865, 0.04225693833775435, 0.03794448391641851, 0.03425854835420462, 0.031074717360285997, 0.02834786637626494], "lr": 0.0001, "test_error": 0.012720352564103643}