{"batch_size": 128, "learning_curve": [0.1582260879401403, 0.045921188428735306, 0.02970744060525576, 0.02221315094659354, 0.01866242533821303, 0.01504141899383215, 0.010971561072722418, 0.011299206233730402, 0.008874647338663458, 0.011260375786663739, 0.008310672925108517, 0.007065086187001208], "lr": 0.001, "test_error": 0.010917467948719062, "num_filters": 16}