{"lr": 0.1, "learning_curve": [16.58950414229662, 2.3051954257182596, 2.305431811014813, 2.3055707093996882, 2.3056583911944664, 2.3057146426958908, 2.305750849308111, 2.305774166645148, 2.3057892200274344, 2.305798919995626, 2.3058051830683004, 2.305809238018134], "batch_size": 128, "num_filters": 16, "test_error": 0.8990384615384617}