{"lr": 0.0001, "num_filters": 16, "learning_curve": [0.7265893159768513, 0.3495838318879785, 0.30504219627533186, 0.2783523473602076, 0.2570552707864687, 0.2386039982621486, 0.22205846739503068, 0.20666269245438085, 0.19256395972692042, 0.1794886513493764, 0.1673548347006241, 0.15608068424730726], "test_error": 0.04727564102564141, "batch_size": 128}