{"num_filters": 16, "lr": 0.01, "batch_size": 128, "test_error": 0.03375400641025694, "learning_curve": [0.662657525079946, 0.1112615328520918, 0.08748974461848727, 0.07934967745811891, 0.08024525202643594, 0.06646386801671142, 0.07887034843293708, 0.06756142394748545, 0.06419030584884479, 0.07977006155684084, 0.08095030754615062, 0.06381397831077591]}